id;gene_id;main_receptors_id
1;OR10S1;1
2;Olfr175;2
3;mOR215-1;3
4;OR2A42;4
5;OR2A7;5
6;OR2L13;6
7;hOR5AN1;7
8;OR2T4;8
9;OR2W3;9
10;OR51B5;10
11;Olfr180;11
12;hOR10K1;12
13;hOR6Y1_V252I;13
14;hOR10Z1;14
15;hOR6N2;15
16;hOR14C36_G225R_D231Y;16
17;hOR14L1;17
18;hOR14A16_Indel;18
19;hOR11L1_G108S_F117L_A142T_R171P;19
20;hOR1S2;20
21;hOR10T2;21
22;hOR2T5;22
23;hOR6P1;23
24;hOR13G1_I132V;24
25;hOR10J5;25
26;Olfr544;26
27;hOR6N1_I194T_F245L_Q261R_R293H;27
28;hOR6F1;28
29;hOR1A1;29
30;hOR10K2;30
31;hOR6K2;31
32;hOR14A2;32
33;hOR14K1;33
34;hOR1C1;34
35;hOR6K3_P228S_P248L;35
36;hOR2T10;36
37;hOR2T34;37
38;hOR2T11_C119R_Q309R;38
39;hOR2M4;39
40;hOR2M3;40
41;hOR5H2;41
42;hOR5H6;42
43;hOR2V2_H221R;43
44;hOR4F14_A297T;44
45;hOR4F16;45
46;hOR2H2_L30F_A48V;46
47;hOR11A1;47
48;hOR2B3;48
49;hOR10C1;49
50;hOR2H2;50
51;hOR2W1;51
52;hOR5K2;52
53;hOR2Y1_V200L;53
54;hOR5V1;54
55;hOR12D3;55
56;hOR8D4_C120Y_R133K_F200L_L283P_R298K;56
57;hOR2J2_T111A;57
58;hOR12D2;58
59;hOR2B8_Indel;59
60;hOR2A7;60
61;hOR2A1;61
62;hOR2AE1_I77T;62
63;hOR9A2;63
64;hOR9A4;64
65;hOR2F1;65
66;hOR2A14;66
67;hOR2A12;67
68;hOR2F2_A98V;68
69;hOR1L8;69
70;hOR1K1;70
71;hOR1L3;71
72;hOR13C4;72
73;hOR13C8;73
74;hOR13C9_F197L;74
75;hOR13F1_F18S_M101V_V134I_I270T;75
76;hOR13J1_H133R;76
77;hOR13C7_Indel;77
78;hOR1L4_G234R;78
79;hOR1Q1_Q24R_I163M;79
80;hOR7A10;80
81;hOR13A1;81
82;hOR10G6;82
83;hOR9G4_N191D;83
84;hOR9G1;84
85;hOR2AG1;85
86;hOR52E1;86
87;hOR56A1;87
88;hOR5P3;88
89;hOR52L1_D73N_C125R_C146R_K168T_W282R;89
90;hOR52L2_R169W;90
91;hOR52J3_T77A_V128I_Q141L_V226I_R303*;91
92;hOR10G4_A9V_M134V_V195E_R235G_K295Q;92
93;hOR51M1_H91Q_L124F_I193T_P245H_F307L;93
94;hOR4D5;94
95;hOR52E4_V176I_R184M_R228H;95
96;hOR52E5_P234L;96
97;hOR5M10_V69L;97
98;hOR52N4_T106I_L167R_N218I;98
99;hOR56A3_M51T;99
100;hOR51E1;100
101;hOR5A1;101
102;hOR5A1_I52V;102
103;hOR5A2;103
104;hOR51I2;104
105;hOR5AS1;105
106;hOR1S2_I46T;106
107;hOR10H1;107
108;hOR5B3;108
109;hOR4P4;109
110;hOR8D1;110
111;hOR1A2;111
112;hOR6T1;112
113;hOR52M1;113
114;hOR5I1;114
115;hOR5F1_S294N;115
116;hOR8J3;116
117;hOR8K5;117
118;hOR52I2;118
119;hOR52A1_S272P;119
120;hOR52E8;120
121;hOR4C12_V283L;121
122;hOR4F17;122
123;hOR5R1;123
124;hOR52K1;124
125;hOR52D1;125
126;hOR51G1;126
127;hOR51A4_G45C_L227P_R267G;127
128;hOR2M5;128
129;hOR56B1_C106R;129
130;hOR9G9;130
131;hOR10H4;131
132;hOR5DD;132
133;hOR10H2;133
134;hOR10A2;134
135;hOR5AU1;135
136;hOR8A1;136
137;hOR8B4;137
138;hOR5D13_C62Y_R236L;138
139;hOR4D10;139
140;hOR4S2;140
141;hOR10W1_R263Q;141
142;hOR9Q2;142
143;hOR8D2;143
144;hOR9I1;144
145;hOR6B1_R143C;145
146;hOR6M1;146
147;hOR52E2_H174R_R264C;147
148;hOR5P2;148
149;hOR51H1;149
150;hOR2B2;150
151;hOR5G3;151
152;hOR4B1;153
153;hOR51Q1;154
154;hOR52N1;155
155;hOR10G9_A90T_M134V;156
156;hOR4X2;157
157;hOR14CZ;158
158;hOR5T3;159
159;hOR14J1;160
160;hOR5M9;161
161;hOR8K3_L122R;162
162;hOR52E6;163
163;hOR1M1;164
164;hOR51G2;165
165;hOR10Q1;166
166;hOR5D18_N136D;167
167;hOR51E2;168
168;hOR51D1;169
169;hOR5AR1;170
170;hOR5M1_S282T;171
171;hOR5AP2;172
172;hOR52B2;173
173;hOR52K2;174
174;hOR8I2;175
175;hOR8H2_A105V_I154M_V158L_Y169C_D170Y_Y259H_V284M;176
176;btOR5K1;177
177;hOR8H3_P137S;178
178;hOR4A15_A257V;179
179;hOR4D9;180
180;hOR10A6;181
181;hOR5B17;182
182;hOR52P1;183
183;hOR56B4_P277S;184
184;hOR4D6_D96G;185
185;hOR8B8;186
186;hOR8B4_E22G;187
187;hOR4C6;188
188;hOR1L4;189
189;hOR5D14;190
190;hOR6Q1;191
191;hOR52W1;192
192;hOR2D2;193
193;hOR2J1;194
194;hOR5M11;195
195;hOR4C16_V25L_T76A_L259P;196
196;hOR52N5;197
197;hOR6X1;198
198;hOR8B2;199
199;hOR5J2;200
200;hOR8U1;201
201;hOR4D11;202
202;hOR4C11;203
203;hOR5B2_M200T;204
204;hOR10D3_R197K_Y252*_V271M;205
205;hOR5T1;206
206;hOR10AG1;207
207;hOR10AG;207
208;hOR6B3;209
209;hOR10A7;210
210;hOR10P1;211
211;hOR2AP1;212
212;hOR1E1;213
213;hOR4K2;214
214;hOR4K3;215
215;hOR4K5;216
216;hOR4N5;217
217;hOR11H4;218
218;hOR4L1_R52S;219
219;hOR4K13;220
220;hOR4K1_R89H;221
221;hOR4N2;222
222;hOR6S1_T42I_V156I_R237H;224
223;hOR9Q2_C179R;225
224;hOR10G3_S73G;226
225;hOR4E2_V118M_Q234R;227
226;hOR11H6;228
227;hOR4K14;229
228;hOR4N4;230
229;hOR4M2;231
230;hOR8S1_M48V_L82P_R128C_A198T;232
231;hOR1F1_F75S;233
232;hOR2C1_C149W;234
233;hOR4S1;235
234;hOR4C3;236
235;hOR4D2_C97S_L187F;237
236;hOR3A2;238
237;hOR1D5;239
238;hOR7C2;240
239;hOR10H5_A224D;241
240;hOR7G1;242
241;hOR2Z1;243
242;hOR7G3;244
243;hOR7D4;245
244;hOR7C1;246
245;hOR7A17;247
246;hOR11H12;248
247;hOR10R2_A191T_E216G_L239F;249
248;hOR52B6_T36A_L90H_A146T_H149R_V267I;250
249;hOR4C5;251
250;hOR7G2_V263A_F281V;252
251;oaOR5K1;253
252;hOR5T2;254
253;hOR7E24_P242S;255
254;hOR4X1_Indel;256
255;hOR10X1;257
256;OR1L6;258
257;hOR4D1;259
258;hOR8G5;262
259;hOR52I2_T132M;263
260;hOR51T1;264
261;hOR2G3;265
262;hOR51F2;266
263;hOR5AK3;267
264;hOR5AK2_M92I;268
265;hOR4C15;269
266;hOR52B4;270
267;hOR13D1;271
268;clOR5K1;272
269;hOR13C3_G2C;273
270;hOR5AL1;275
271;hOR2T4;276
272;hOR6K6;277
273;hOR2G2_P24A_V120L_R236G;278
274;hOR1N2_W37R_V244G_T301M;279
275;hOR10C1_F60L_P174Q_M246V;280
276;hOR51G1_Y125S;281
277;hOR12D2_V47F_L56P_S104F_F113L_L120R_V159I;282
278;hOR1D2;283
279;hOR2M7;284
280;Olfr690;285
281;hOR2M7_F35L_V78A_C178F;286
282;hOR1L1;287
283;hOR1A1_T99M;288
284;hOR1A1_G108A;289
285;hOR1A1_N109K;290
286;hOR2D3_L66I;291
287;hOR1A1_G108A_N109K;293
288;hOR1A1_T110A;294
289;hOR1A1_I114T;295
290;hOR5L1;296
291;hOR1A2_A108G;297
292;hOR2G2;298
293;hOR2A4;299
294;hOR1A2_K109N;300
295;hOR1A2_A108G_K109N;301
296;hOR2A25;302
297;hOR1A1_A154T_N155S;303
298;hOR8H1;304
299;hOR1A2_T154A_S155N;305
300;hOR9K2;306
301;hOR13C3;307
302;hOR1A1_I205V;309
303;hOR1A2_V205I;310
304;hOR2H1;311
305;hOR1A1_V254T;312
306;hOR8G1;313
307;hOR1A2_T254V;314
308;hOR10G8;315
309;hOR1A1_T277V;316
310;hOR2T3;317
311;hOR4P4_R231C;318
312;hOR1P1;320
313;hOR51B5;10
314;hOR10R2;321
315;hOR2M7_F35L_V78A_C178F_D191N;322
316;hOR2J2_Y74H_T111A_V146A_T218A;323
317;hOR2J2;324
318;hOR7D2;326
319;hOR1A2_V277T;327
320;hOR2C1;328
321;hOR2C1_G16S_C149W_R229H;330
322;hOR2C1_P58S_C149W;331
323;hOR10J5_R233W;332
324;hOR4Q3;333
325;hOR6C4_I37V;334
326;hOR6C2;335
327;hOR6C76;336
328;hOR2AK2_V188M;337
329;hOR10A3;338
330;hOR2B11;339
331;hOR4K17;340
332;hOR5D16;341
333;hOR6C3;342
334;hOR5AU1_L66F_I248V;343
335;hOR5F1;344
336;hOR10H5;345
337;hOR4D6;346
338;hOR5C1;348
339;hOR6C6;349
340;hOR6C70;350
341;hOR1J4;352
342;vvOR5K1;353
343;hOR8K1;354
344;hOR2T6_N21D_C23G_S243A;355
345;hOR4F15;356
346;hOR11H13;357
347;hOR2B6;358
348;hOR2A5;359
349;hOR5AK2;360
350;hOR8U9;361
351;hOR8B4_Y131H_C140F_C178R;362
352;hOR6C74;363
353;hOR6C1_V74I_C130Y_L161F_H165D_V246I_R291K;364
354;hOR1J2;365
355;hOR6B2_R122C;366
356;hOR6B3_R261W;367
357;hOR1E2_C27R;368
358;hOR2AJ1_M1V;369
359;hOR10G7;371
360;hOR2K2;373
361;hOR6C68_A45T;374
362;hOR2C3_T20A_P68S_L289V;375
363;hOR1S1;376
364;Olfr672;377
365;hOR10J3;378
366;hOR6C65;379
367;hOR10H2_L40Q;380
368;hOR2S2;381
369;hOR1N1;382
370;hOR2L2;383
371;hOR5H2_E11Q_I225V_I281V;384
372;hOR4D1_R54Q;385
373;hOR1I1_P139R_Y252S;386
374;hOR7A5;387
375;hOR5H1;389
376;hOR5H14_G64R_Y189C;390
377;hOR5H1_I153L_T181I;391
378;hOR2T1_P132L;392
379;hOR7G2;393
380;hOR2A2;394
381;hOR13C5_S18F_L69M_P79S_L86V_N128S_M258T;395
382;hOR14I1_V36A_D50N_S170N;396
383;hOR2L13;6
384;hOR52B6;398
385;hOR5B21_I279F;399
386;hOR4C46_K288R;400
387;hOR6K3;402
388;hOR2AG2_Y28C_R54P_R299G;403
389;hOR2G6;404
390;hOR1G1;405
391;hOR6A2;406
392;hOR5AC2_M200I;407
393;hOR2W3_Indel;408
394;hOR2M2_R220G_C235R;410
395;pcOR5K1;412
396;hOR13H1;413
397;hOR10A2_H43R_H207R_K258T;414
398;hOR8U8;415
399;hOR8J1_Y120C;416
400;hOR5K1;418
401;hOR1N2;421
402;hOR2W5;422
403;hOR5W2_R189C_F310Y;424
404;hOR4A4;425
405;hOR8H3;426
406;hOR2AG2;427
407;hOR5K3;428
408;hOR2L8;429
409;hOR1E2;431
410;hOR4A16;432
411;hOR6C75;433
412;hOR10V1_Q101L_V117A_Q123W;434
413;hOR52I1;435
414;hOR2AT4;436
415;hOR5M8;437
416;hOR10AD1_R166Q_S177N_W198R;438
417;hOR10H3;439
418;hOR2L3;440
419;hOR1A1_R128H;441
420;Olfr545;442
421;hOR1A1_V233M;443
422;hOR1A1_P285S;444
423;hOR51E1_S11N;445
424;hOR51L1_T196I_A207V;446
425;hOR51L1;447
426;hOR51L1_I281M;448
427;hOR2W1_D296N;449
428;hOR4F6;450
429;hOR10A4_R262Q;451
430;hOR1L6_Q23K_C150Y_I215T_R221Q_M223I_G234R;452
431;hOR2A14_Indel;453
432;hOR2A2_F280L;454
433;hOR2T29;455
434;hOR3A3;457
435;hOR3A4_I42V_S86R_E103Q_I120V_P168T_N175S;458
436;hOR51B2;459
437;hOR51B4_V36I_M147T;460
438;hOR51B6;462
439;hOR51I1;463
440;hOR4F4;464
441;hOR4F5;466
442;hOR13G1;468
443;hOR11H1;469
444;hOR4M1;470
445;hOR2T2;471
446;hOR2T35_V31I;472
447;hOR2A42;473
448;hOR51V1;474
449;hOR4K15_N65S_E88V_S93A_A231E_L280P_I286M;475
450;hOR52A5;476
451;hOR52N2_M228T;477
452;hOR2T8;478
453;hOR51A2;479
454;hOR4A47_I104L_V145M;480
455;hOR4F21;481
456;hOR2J3_I228V_M261I;482
457;hOR3A1;483
458;hOR4A5;484
459;hOR51F1;485
460;hOR1F12;487
461;hOR1J1;488
462;hOR2L5;489
463;hOR51J1_R75H;490
464;hOR51S1;491
465;hOR52H1;494
466;hOR52R1_I129T_N201Y_S245A;495
467;hOR2T32_Indel;496
468;hOR56A5;497
469;hOR10J1;498
470;hOR11G2;499
471;hOR9Q1_A2V;500
472;hOR6J1_R121H_T124A_R226H_P250S_L274S_V279L;501
473;hOR13C2;502
474;hOR2V1;503
475;hOR52A4;504
476;hOR10A5;506
477;hOR56A4;507
478;hOR5B12;508
479;hOR14AG;509
480;hOR8B3_H20R_Q24R_V34I_M114I;510
481;hOR5K4_I206V;511
482;hOR6V1;512
483;hOR8B12;513
484;Olfr16;514
485;hOR8J1;516
486;hOR13F1;517
487;MOR215-1;3
488;hOR4K15;520
489;MOR214-3;522
490;hOR10S1;1
491;hOR1F1;525
492;hOR2J3;482
493;hOR2T1;531
494;hOR11H7;532
495;hOR1Q1;533
496;hOR10G4;534
497;hOR9G1_C53R_T62I_C98G;535
498;hOR2C3;537
499;hOR2C1_G16S_C149W_C169Y_R229H;538
500;hOR2W1_M81V;539
501;hOR51E1_K299R;540
502;hOR2J1_L12I;542
503;hOR10A6_V140G_L287P;543
504;hOR10A6_A117V_V140G_L287P;544
505;hOR10C1_M246V;545
506;hOR10G3;547
507;hOR2A25_S75N;550
508;hOR2A25_A209P;551
509;hOR2A25_S75N_A209P;552
510;hOR2B11_V198M;554
511;hOR2B11_V198M_G223D;555
512;hOR2B11_V198M_T293I_D300G;556
513;hOR2B11_I130S_V198M;557
514;hOR2F1_T57A_H137R;559
515;hOR2F1_R122C_H137R;560
516;hOR2J3_I228V;561
517;hOR2J3_R226Q_I228V_M261I;563
518;hOR2M2_S87C_R220G_C235R;564
519;hOR2M2;565
520;hOR2M2_R220G_C235R_A237T;566
521;hOR2T1_I76V;568
522;hOR3A1_R125Q;570
523;hOR4D2_L29I;572
524;hOR4D2;573
525;hOR4K2_N307I;575
526;hOR4N2_I76T;576
527;hOR4N2_P58A_I76T_P133S_V135L;577
528;hOR4Q3_F238L;579
529;hOR1B1;580
530;hOR51F1_T13A;581
531;hOR5AL1_Insertion;583
532;hOR5D14_S249A_L290P;585
533;hOR5D14_Q102L_S249A;587
534;hOR5D14_S249A;588
535;hOR6F1_P159A_F215L;589
536;hOR6F1_F215L;590
537;hOR7G2_P175L;594
538;hOR9G1_C53R_T62I_C98G_A259S;595
539;hOR9G1_C53R_T62I;597
540;hOR14J1_M7T;599
541;hOR14A16_I238T;601
542;hOR14A16_V172A_I238T;602
543;hOR1D2_F31Y;605
544;hOR1D2_T240I;606
545;hOR1D2_R25Q;607
546;hOR10G4_K295Q;611
547;hOR2J3_T113A_R226Q_I228V_M261I;612
548;hOR7D4_R88W_T133M;617
549;hOR7D4_P79L;618
550;hOR7C1_V126I_E171K_S210P;620
551;hOR7C1_E171K;621
552;hOR7C1_S99G_V126I_E171K_S210P;622
553;hOR4E1;623
554;hOR10A6_L287P;624
555;hOR1A2_G256C_W293C;626
556;hOR1I1;629
557;hOR1L6;630
558;hOR1L8_T27P_R211P;631
559;hOR1N2_W37R;634
560;hOR1S2_E17G;637
561;hOR1S2_V225T_G240R;638
562;hOR2A1_S168C;639
563;hOR2A1_T73A_R74C_S168C;640
564;hOR2A4_R238C_V250F;60
565;hOR2A5_I126V_A202S_A255T;641
566;hOR2AE1;642
567;hOR2AJ1;643
568;hOR2AK2;644
569;hOR2AK2_S99N;645
570;hOR2C3_T20A_L289V;375
571;hOR2D2_S148P_I163T_M202T;647
572;hOR2D3;648
573;hOR2D3_R155W;649
574;hOR2F2;650
575;hOR2G2_L167P_R236G;652
576;hOR2G3_I289V;653
577;hOR2J1_L14I_V182A;654
578;hOR2M5_D11G;658
579;hOR2T11;660
580;"hOR2T11_C119R_ Q309R";38
581;hOR2T12;661
582;hOR2T2_L104F;663
583;hOR2T2_Q313H;664
584;"hOR2T2_L104F_ L262Q";665
585;hOR2T27;666
586;"hOR2T27_L36V_ V134D";667
587;hOR2T29_Q24R;669
588;hOR5M3;670
589;hOR2T3_Y109H;671
590;hOR2T3_L256F;672
591;hOR2T3_R298C;673
592;hOR2T33;674
593;hOR2T33_A169V;675
594;"hOR2T33_G297E_ I309L";676
595;hOR2T34_R267P;678
596;"hOR2T34_Q6P_ R267P";679
597;hOR2T35;680
598;"hOR2T5_K13R_ K41M_ G45E";682
599;"hOR2T5_K13R_ L134F";683
600;hOR2T6;684
601;hOR2T6_C23G;685
602;hOR2T7;686
603;hOR2V2;688
604;hOR2W1_G96V;689
605;hOR2W3;9
606;hOR2Y1;690
607;hOR3A2_R317K;691
608;"hOR3A3_T48I_ L132F";692
609;hOR4A15;693
610;hOR4A47;694
611;"hOR4A47_I104L_ V145M";480
612;hOR4C11_P8T;695
613;hOR4C12;696
614;hOR4C13;697
615;hOR4C13_V133I;698
616;hOR4C16;700
617;hOR4C16_T76A;701
618;hOR4C45;702
619;hOR4C46;703
620;"hOR4C46_S240F_ C252Y_ K288R";704
621;hOR4E2;227
622;hOR4E2_A119T;706
623;hOR4E2_M118V_R234Q;707
624;hOR4F15_S149F;708
625;hOR4F15_A272T;709
626;hOR4F17_Q293R;466
627;hOR4F21_F44L;712
628;hOR4F3/4F16/4F29;45
629;"hOR4F5_T141A_ L160P";122
630;"hOR4F5_T141A_ Q293R";715
631;hOR4K1;716
632;hOR4K1_R304H;717
633;hOR4L1;719
634;"hOR4M1_H277N_ V279L_ L284H";720
635;"hOR4N2_A57V_ I76T";722
636;"hOR4N2_R260C_ F279L_ R290H";723
637;hOR4Q3_T135A;725
638;hOR4X1;726
639;hOR5A1_D183N;728
640;hOR5AC2;729
641;hOR5AN1_L289F;731
642;hOR5AN1_C142Y_L289F;732
643;hOR5AP2_A105T;734
644;"hOR5AU1_L117F_ I299V";343
645;hOR5B12_C141R;736
646;hOR5B17_L80I;737
647;"hOR5B17_L80I_ I85M";738
648;hOR5B2;739
649;hOR5B2_E6D;740
650;hOR5B21;741
651;"hOR5B3_I198V_ G247A";742
652;hOR5D13;132
653;hOR5D13_C62Y;743
654;"hOR5D14_S249A_ L290P";745
655;hOR5D16_A156T;747
656;hOR5D18;748
657;hOR5H1_T181N;749
658;"hOR5H1_I153L_ T181I";391
659;"hOR5H1_F17L_ A30T_ H56Q";750
660;hOR5H14;751
661;"hOR5H14_G64R_ Y189C";390
662;hOR5H15;752
663;"hOR5H15_V108I_ S148T_ T167S";753
664;hOR5K2_L197M;756
665;hOR5K4;757
666;hOR5L2;758
667;hOR5M1;759
668;hOR5M1_T295R_M301I;760
669;hOR5M10;761
670;hOR5M10_L2F_C311H;762
671;hOR5M10_L2F_Q54H_C311H;763
672;hOR5M3_N3Y_A156T;764
673;hOR5P3_L301R;765
674;hOR5R1_C122R_S128G_F184L;766
675;hOR5T2_S4G;768
676;hOR5W2;769
677;hOR5W2_R189C;770
678;hOR6A2_I50V;771
679;hOR6B1;772
680;hOR6B2;773
681;hOR6B2_R122C_C179R;774
682;hOR6B3_T48I_R131C;775
683;hOR6C1;776
684;hOR6C1_C130Y_H165D_V246I;777
685;hOR6C4;778
686;hOR6C6_M6I;779
687;hOR6C65_T222A;780
688;hOR6C68;781
689;hOR6C70_L181P;783
690;hOR6J1;784
691;hOR6M1_R224C;786
692;hOR6M1_T276K;787
693;hOR6N1;788
694;hOR6S1;789
695;hOR6S1_T42I_V156I;790
696;hOR6T1_N2D;791
697;hOR6Y1;792
698;hOR7A5_M81I;793
699;hOR7C1_V126I_E171K;794
700;hOR7D4_R88W;797
701;hOR7E24;798
702;"hOR7E24_S193F_ P242S";799
703;hOR7G3_M29V;801
704;hOR8B2_L164F;802
705;hOR8B2_S273F;803
706;hOR8B3;804
707;"hOR8B3_H20R_ Q24R";805
708;"hOR8B3_H20R_ Q24R_ Y113H";806
709;"hOR8B3_H20R_ Q24R_ M114I";807
710;hOR8B8_L101P;808
711;hOR8D1_L194P;809
712;"hOR8D1_C127G_ L194P";810
713;hOR8D4;811
714;"hOR8D4_C120Y_ R133K";812
715;hOR8H2;813
716;"hOR8H2_H120Y_ Y169C_ V284M";814
717;hOR8J3_E4V;816
718;hOR8K3;817
719;hOR8S1;819
720;"hOR8U8_R20H_ S112C_ C165R";415
721;"hOR8U9_T2A_ Q3H_ Q293R";822
722;hOR8U9_Q293R;361
723;hOR9A2_C304Y;824
724;hOR9G4;825
725;"hOR9G4_N206D_ V222A";826
726;"hOR9G4_H6Y_ N206D_ V222A";827
727;hOR9K2_R207H;828
728;hOR9Q1;829
729;hOR9Q1_A83T;830
730;"hOR10A2_H43R_ H207R_ K258T";832
731;hOR10A3_C8G;833
732;hOR10A4;834
733;hOR10AD1;835
734;hOR10AD1_G65C;836
735;hOR10D3;837
736;"hOR10D3_V134A_ R197K";838
737;hOR10G2;839
738;"hOR10G4_L24P_ V195E";840
739;hOR10G7_I28V;841
740;"hOR10G7_A18V_ P19Q_ G20A";842
741;hOR10G9;843
742;hOR10H3_R54H;844
743;hOR10H4_I50V;845
744;hOR10H5_S268Y;846
745;hOR10J1_M62I;848
746;"hOR10J1_M62I_ I103M";849
747;"hOR10J3_Q235R_ E319G";851
748;hOR10P1_R195K;853
749;hOR10Q1_E12D;855
750;"hOR10Q1_Q10R_ E12D";856
751;hOR11L1;857
752;hOR10R2_I170L;858
753;hOR10T2_I137M;859
754;hOR10V1;860
755;hOR10V1_Q123R;861
756;hOR10W1;862
757;"hOR10X1_N4T_ R181S";863
758;"hOR11G2_F3I_ I99N_ V116I";865
759;hOR11H1_M240V;867
760;"hOR11H12_C156Y_ V240M";869
761;hOR11H2;870
762;hOR11H6_I107T;871
763;hOR12D2_S104F;872
764;hOR13C2_H6Q;873
765;hOR13C5;874
766;hOR13C8_A19D;875
767;hOR13C9;876
768;hOR13C9_Q6H;877
769;"hOR13C9_H17L_ V19G_ L23H";878
770;hOR13F1_F18S;880
771;"hOR13F1_F18S_ T254M";881
772;"hOR13G1_K46I_ M146L";882
773;hOR13H1_Y266S;883
774;hOR13J1;884
775;hOR14A16;509
776;hOR14A2_I133V;886
777;hOR14C36;158
778;"hOR14C36_G225R_ D231Y";16
779;hOR14I1;887
780;"hOR14I1_V36A_ D50N_ Y216C";888
781;hOR14J1_N3Y;889
782;hOR14K1_D119Y;891
783;hOR51A4;892
784;hOR51A7;893
785;hOR51A7_E8D;894
786;hOR51B2_C120R_C209S_P283S;895
787;hOR51B4;896
788;hOR51B4_M147T;897
789;hOR51B5_G5S_I102T_P160L;898
790;hOR51D1_I89V;900
791;hOR51F2_Y341S;902
792;hOR51I1_V164L;904
793;hOR51J1;905
794;hOR51J1_R75H_I202V;906
795;hOR51M1;907
796;hOR51V1_L36F_N51T_G96W;910
797;hOR52A1;911
798;hOR52B6_V288I;913
799;hOR52E2;915
800;hOR52E2_R264C;916
801;hOR52E4;917
802;hOR52E5;918
803;hOR52H1_H130R_C242R;920
804;hOR52H1_A89T_H130R_C242R;921
805;hOR52I2_I74L;923
806;hOR52J3;924
807;hOR52J3_T77A_V128I_Q141L;925
808;hOR52K1_Q52R;926
809;hOR52K1_A119T_A149T;927
810;hOR52L1;928
811;hOR52L1_D88N;89
812;hOR52M1_S305R;930
813;hOR52N1_R167C_F247I;932
814;hOR52N2;933
815;hOR52N2_S249A_H264R;934
816;hOR52N4;935
817;hOR52R1;936
818;hOR52W1_H239R_L254Q;938
819;hOR56A3;939
820;hOR56A4_I247A;941
821;hOR56A4_I247V;942
822;hOR56A5_V104L;943
823;hOR56B1;944
824;hOR56B1_C106R_L214F;945
825;hOR56B1_L214F;946
826;hOR56B4;947
827;"hOR 10G9";843
828;ppOR5K1;949
829;ptOR5K1;950
830;Olfr173;951
831;hOR5K1_F62L;953
832;hOR1D4;955
833;hOR3A4;956
834;Olfr547;960
835;hOR4F29;45
836;Olfr691;967
837;hOR4KF;520
838;hOR5BC;735
839;hOR5DI;748
840;hOR2S1;659
841;hOR5BH;182
842;ppOR2M3;968
843;ptOR2M3;969
844;Olfr164;970
845;hOR2M5_V105T;971
846;hOR2M5_A156G;972
847;hOR2M5_G255A;973
848;hOR2M5_V105T_A156G;974
849;hOR2M5_V105T_G255H;975
850;hOR2M5_V105T_A156G_G255A;976
851;hOR2M5_S119A;977
852;hOR2M5_M154T;978
853;hOR2M5_A160V;979
854;hOR2M5_V198I;980
855;hOR2M5_L273M;981
856;hOR2M5_V105T_S119A_A156G_G255A;982
857;hOR2M5_V105T_M154T_G255A;983
858;hOR2M5_V105T_A156G_A160V_G255A;984
859;hOR2M5_V105T_A156G_V198I_G255A;985
860;hOR2M5_V105T_A156G_G255A_L273M;986
861;Olfr164_V108T;987
862;Olfr164_E162D;988
863;Olfr164_V184F;989
864;Olfr164_I202L;990
865;Olfr164_L210I;991
866;Olfr164_A279V;992
867;Olfr164_V108T_E162D;993
868;Olfr164_V108T_E162D_V184F;994
869;Olfr164_V108T_E162D_V184F_I202L;995
870;Olfr164_V108T_E162D_V184F_I202L_L210I;996
871;Olfr164_V108T_E162D_V184F_I202L_L210I_A279V;997
872;hOR2M3_I13L;998
873;hOR2M3_A33G;999
874;hOR2M3_M144T;1000
875;hOR2M3_I198V;1001
876;hOR2M3_R266H;1002
877;hOR2M3_I13L_A33G;1003
878;hOR2M3_I13L_M144T;1004
879;hOR2M3_A33G_M144T;1005
880;hOR2M3_I13L_A33G_M144T;1006
881;hOR2M3_I13L_A33G_R266H;1007
882;hOR2M3_D11N;1008
883;hOR2M3_L63F;1009
884;hOR2M3_V78I;1010
885;hOR2M3_A216T;1011
886;hOR2M3_Y259H;1012
887;hOR2M3_I289N;1013
888;hOR2M3_R293S;1014
889;hOR2M3_M302T;1015
890;Mor215-2;1016
891;Mor215-3;1017
892;Mor239-1;1018
893;Mor171-20;1019
894;Mor262-6;1020
895;Mor202-9;1021
896;Patr_5AN2;1022
897;Poab_5AN2;1023
898;Poab_5AN1;1024
899;mOR214-1;1025
900;mOR214-2;1026
901;mOR214-6;1027
902;mOR214-4;1028
903;hOR1E3;1029
904;hOR5DE;744
905;hOR5MA;761
906;hOR4CG;700
907;hOR4F3;45
908;hOR7AA;80
909;hOR10AD;835
910;hOR4Q2;1030
911;hOR4A8;1031
912;hOR12D1;1032
913;hOR4CB;203
914;hOR4CF;958
915;hOR5H8;1033
916;hOR2LD;6
917;hOR7AH;247
918;hOR5AC1;1034
919;hOR8BC;513
920;hOR4DA;139
921;hOR5MB;195
922;hOR4DB;202
923;hOR5DG;746
924;hOR4KE;229
925;hOR10AC;1035
926;hOR2BB;339
927;hOR8J2;1036
928;hORN4C;1037
929;hORM2B;1038
930;hOR5BL;741
931;hOR4KH;948
932;hOR11HC;868
933;hOR4CD;697
934;hOR4KD;220
935;hOR13C7;1039
936;hOR1FC;628
937;hOR4CC;696
938;hOR10J4;1040
939;hOR52Z1;1041
940;hOR1A2_A108G_K109N_T154A_S155N;1042
941;hOR1A1_G108A_N109K_A154T_N155S;1043
942;hOR1A2_A108G_K109N_T154A;1044
943;hOR1A2_A108G_K109N_S155N;1045
944;hOR1A2_A108G_T154A_S155N;1046
945;hOR1A2_K109N_T154A_S155N;1047
946;hOR1A2_T154A;1048
947;hOR1A2_S155N;1049
948;Olfr43;1050
949;Olfr73;1051
950;Olfr677;1052
951;Olfr661;1053
952;hOR1A1_A106G;1054
953;"hOR1A1_A106T (SNP)";1055
954;hOR1A1_N109D;1056
955;hOR1A1_D111A;1057
956;hOR1A1_D111S;1058
957;hOR1A1_S112A;1059
958;hOR1A1_G152A;1060
959;hOR1A1_N155S;1061
960;hOR1A1_S248F;1062
961;hOR1A1_Y250F;1063
962;hOR1A1_Y251F;1064
963;hOR1A1_Y251M;1065
964;hOR1A1_Y258F;1066
965;hOR1A1_Y258M;1067
966;hOR1A1_Y276F;1068
967;hOR1A1_Y276L;1069
968;"hOR1A1_T277M (SNP)";1070
969;hOR1A1_T280A;1071
970;hOR1A1_T280F;1072
971;hOR1A1_T280M;1073
972;hOR1A1_G108A_G152A;1074
973;hOR1A1_G108A_I205V;1075
974;hOR1A1_D111A_T280A;1076
975;hOR1A1_D111S_T280A;1077
976;hOR1A1_G152A_I205V;1078
977;hOR1A1_G108A_G152A_I205V;1079
978;Olfr43_G106A;1080
979;Olfr43_A108G;1081
980;Olfr43_A152G;1082
981;Olfr2;1083
982;Olfr43_V205I;1084
983;Olfr43_A108G_A152G;1085
984;Olfr43_A108G_V205I;1086
985;Olfr43_A152G_V205I;1087
986;Olfr43_A108G_A152G_V205I;1088
987;Olfr43_G106A_A108G_A152G_V205I;1089
988;btOR1A1;1090
989;btOR1A1_L105I;1091
990;btOR1A1_V205I;1092
991;btOR1A1_I277T;1093
992;btOR1A1_L105I_V205I;1094
993;btOR1A1_L105I_I277T;1095
994;btOR1A1_V205I_I277T;1096
995;btOR1A1_L105I_V205I_I277T;1097
996;ptOR1A1;1098
997;hOR1A2_A108G_V205I;1099
998;hOR1A2_A108G_K109N_V205I;1100
999;hOR1A2_A108G_K109N_T254V;1101
1000;hOR1A2_A108G_K109N_V205I_T254V;1102
1001;hOR1A2_A108G_K109N_V205I_V277T;1103
1002;hOR1A2_A108G_K109N_T254V_V277T;1104
1003;hOR1A2_A108G_K109N_V205I_T254V_V277T;1105
1004;Olfr678;1106
1005;Olfr992;1107
1006;Olfr62;1108
1007;MOR1-1;1109
1008;MOR105-1;1110
1009;MOR106-1;1111
1010;MOR107-1;1112
1011;MOR128-2;1113
1012;MOR129-1;1114
1013;MOR136-1;1115
1014;MOR139-1;1116
1015;MOR140-1;1117
1016;MOR15-1;1118
1017;MOR161-1;1119
1018;MOR162-1;1120
1019;MOR170-1;1121
1020;MOR18-1;1122
1021;MOR180-1;1123
1022;MOR182-1;1124
1023;MOR184-1;2
1024;MOR185-1;1125
1025;MOR189-1;1126
1026;MOR2-1;1127
1027;MOR203-1;1107
1028;MOR204-6;1128
1029;MOR205-1;1129
1030;MOR207-1;1130
1031;MOR222-1;1131
1032;MOR223-1;1132
1033;MOR23-1;1133
1034;MOR236-1;1134
1035;MOR25-1;1135
1036;MOR250-1;1136
1037;MOR251-1;1137
1038;MOR253-1;1138
1039;MOR256-17;1139
1040;MOR258-1;1140
1041;MOR259-1;1141
1042;MOR260-1;1142
1043;MOR261-1;1143
1044;MOR268-1;1144
1045;MOR269-1;1145
1046;MOR271-1;1146
1047;MOR272-1;1147
1048;MOR273-1;1148
1049;MOR277-1;1149
1050;MOR30-1;1150
1051;MOR31-1;1151
1052;MOR33-1;1152
1053;MOR37-1;1153
1054;MOR4-1;1154
1055;MOR40-1;1155
1056;MOR41-1;1156
1057;MOR5-1;1157
1058;MOR9-1;1158
1059;Olfr1057;1159
1060;Olfr147;1160
1061;Olfr1487;1161
1062;Olfr160;1162
1063;Olfr194;1163
1064;Olfr205;1164
1065;Olfr251;1165
1066;Olfr338;1166
1067;Olfr747;1167
1068;Olfr987;1168
1069;Olfr988;1169
1070;Olfr1016;1170
1071;Olfr1097;1171
1072;Olfr1156;1172
1073;Olfr285;1173
1074;Olfr924;1174
1075;Olfr190;1175
1076;Olfr197;1176
1077;Olfr198;1177
1078;Olfr994;1178
1079;Olfr591;1179
1080;hOR1E5;627
1081;hOR2A6;66
1082;hOR2A10;299
1083;hOR2B9;150
1084;hOR5AT1;509
1085;hOR5AV1;1181
1086;hOR5AY1;890
1087;hOR5B13;108
1088;hOR5B16;735
1089;hOR5BF1;158
1090;hOR2C4;537
1091;hOR2H3;527
1092;hOR2V3;688
1093;hOR5U1;160
1094;hOR52L2;1182
1095;hOR4F12;450
1096;hOR4F14;44
1097;hOR9G5;528
1098;hOR56A6;939
1099;hOR7D4_T133M;1184
1100;ptOR7D4;1185
1101;hOR7D4_S84N;1186
1102;hOR7D4_D52G;1187
1103;hOR7D4_S75C;1188
1104;hOR7D4_H131Q;1189
1105;hOR7D4_M136I;1190
1106;hOR7D4_C139R;1191
1107;hOR7D4_C139Y;1192
1108;hOR7D4_L162P;1193
1109;hOR7D4_A279D;1194
1110;hOR7D4_L292M;1195
1111;Olr226;1196
1112;Olfr74;1197
1113;OR2J3;616
1114;hOR4E2_variant;227
1115;hOR4F16_R310K;1200
1116;hOR4F29_V107I;1201
1117;"hOR8B3_ H20R_ Q24R_ M114I";807
1118;"hOR8D1_ C127G_ L194P";810
1119;OR10A6_L287P;624
1120;Olfr1325;1203
1121;Olfr812;1204
1122;Olfr790;1205
1123;Olfr214;1206
1124;Olfr459;1207
1125;Olfr644;1208
1126;Olfr161;1209
1127;Olfr24;1210
1128;Olfr406;1211
1129;Olfr356;1212
1130;Olfr340;1115
1131;Olfr1352;1116
1132;Olfr744;1213
1133;Olfr1356;1214
1134;Olfr39;1215
1135;Olfr828;1216
1136;Olfr362;1217
1137;Olfr653;1152
1138;Olfr911-ps1;1218
1139;Olfr916;1219
1140;Olfr480;1220
1141;Olfr902;1221
1142;Olfr895;1121
1143;Olfr558;1122
1144;Olfr69;1222
1145;Olfr1019;1123
1146;Olfr1079;1126
1147;Olfr616;1223
1148;Olfr1046;1224
1149;Olfr1032;1225
1150;Olfr613;1226
1151;Olfr683;1227
1152;Olfr1098;1228
1153;Olfr1413;1229
1154;Olfr599;1133
1155;Olfr600;1230
1156;Olfr554;1135
1157;Olfr569;1150
1158;Olfr642;1231
1159;Olfr686;1232
1160;Olfr620;1233
1161;Olfr586;1234
1162;Olfr638;1157
1163;Olfr575;1235
1164;Olfr609;1236
1165;OR3A1;483
1166;OR2A2;394
1167;OR1A1;29
1168;OR51B4;896
1169;OR10H1;107
1170;OR1A2;111
1171;OR1B1;580
1172;OR1C1;34
1173;OR1D2;283
1174;OR1D4;955
1175;OR1D5;239
1176;OR1E1;627
1177;OR1E2;431
1178;OR1E3;1029
1179;OR1F1;525
1180;OR1F12;628
1181;OR1G1;405
1182;OR1I1;629
1183;OR1J1;488
1184;OR1J2;365
1185;OR1J4;352
1186;OR1K1;70
1187;OR1L1;614
1188;OR1L3;71
1189;OR1L4;189
1190;OR1L8;69
1191;OR1M1;632
1192;OR1N1;382
1193;OR1N2;633
1194;OR1P1;320
1195;OR1Q1;533
1196;OR1S1;635
1197;OR1S2;636
1198;OR2A1;4
1199;OR2A12;67
1200;OR2A14;66
1201;OR2A25;302
1202;OR2A4;299
1203;OR2A5;359
1204;OR2AE1;642
1205;OR2AG1;85
1206;OR2AG2;427
1207;OR2AJ1;964
1208;OR2AK2;644
1209;OR2AP1;212
1210;OR2AT4;436
1211;OR2B11;339
1212;OR2B2;150
1213;OR2B3;48
1214;OR2B6;358
1215;OR2C1;591
1216;OR2C3;537
1217;OR2D2;193
1218;OR2D3;648
1219;OR2F1;65
1220;OR2F2;650
1221;OR2G2;651
1222;OR2G3;292
1223;OR2G6;404
1224;OR2H1;311
1225;OR2H2;527
1226;OR2J1;194
1227;OR2J2;323
1228;OR2K2;373
1229;OR2L2;383
1230;OR2L3;655
1231;OR2L5;489
1232;OR2L8;656
1233;OR2M2;565
1234;OR2M3;40
1235;OR2M4;39
1236;OR2M5;657
1237;OR2M7;284
1238;OR2S2;659
1239;OR2T1;531
1240;OR2T10;36
1241;OR2T11;660
1242;OR2T12;661
1243;OR2T2;662
1244;OR2T27;666
1245;OR2T29;668
1246;OR2T3;317
1247;OR2T33;674
1248;OR2T34;677
1249;OR2T35;680
1250;OR2T5;681
1251;OR2T6;684
1252;OR2T7;965
1253;OR2T8;687
1254;OR2V1;519
1255;OR2V2;688
1256;OR2W1;51
1257;OR2W5;422
1258;OR2Y1;690
1259;OR2Z1;243
1260;OR3A2;238
1261;OR3A3;526
1262;OR3A4;956
1263;OR4A15;693
1264;OR4A16;432
1265;OR4A47;694
1266;OR4A5;484
1267;OR4B1;153
1268;OR4C11;203
1269;OR4C12;696
1270;OR4C13;697
1271;OR4C15;958
1272;OR4C16;700
1273;OR4C3;397
1274;OR4C45;702
1275;OR4C46;703
1276;OR4C5;705
1277;OR4C6;188
1278;OR4D1;467
1279;OR4D10;139
1280;OR4D11;202
1281;OR4D2;573
1282;OR4D5;94
1283;OR4D6;346
1284;OR4D9;180
1285;OR4E2;707
1286;OR4F15;356
1287;OR4F16;45
1288;OR4F17;710
1289;OR4F21;711
1290;OR4F4;713
1291;OR4F5;714
1292;OR4F6;450
1293;OR4K1;716
1294;OR4K13;220
1295;OR4K14;229
1296;OR4K15;520
1297;OR4K17;948
1298;OR4K2;214
1299;OR4K3;515
1300;OR4K5;216
1301;OR4L1;719
1302;OR4M1;470
1303;OR4M2;721
1304;OR4N2;222
1305;OR4N4;230
1306;OR4N5;217
1307;OR4P4;724
1308;OR4Q2;1030
1309;OR4Q3;333
1310;OR4S1;235
1311;OR4S2;140
1312;OR4X1;726
1313;OR4X2;157
1314;OR5A1;727
1315;OR5A2;103
1316;OR5AC1;1034
1317;OR5AC2;729
1318;OR5AK2;360
1319;OR5AL1;372
1320;OR5AN1;7
1321;OR5AP2;733
1322;OR5AR1;170
1323;OR5AS1;105
1324;OR5AU1;135
1325;OR5AV1;1181
1326;OR5B12;735
1327;OR5B17;182
1328;OR5B2;739
1329;OR5B21;741
1330;OR5B3;108
1331;OR5C1;348
1332;OR5D13;132
1333;OR5D14;744
1334;OR5D16;746
1335;OR5D18;748
1336;OR5F1;344
1337;OR5G3;151
1338;OR5H1;389
1339;OR5H14;751
1340;OR5H15;752
1341;OR5H2;754
1342;OR5H6;755
1343;OR5I1;114
1344;OR5J2;200
1345;OR5K1;418
1346;OR5K2;52
1347;OR5K3;521
1348;OR5K4;757
1349;OR5L1;296
1350;OR5L2;758
1351;OR5M1;759
1352;OR5M10;761
1353;OR5M11;195
1354;OR5M3;670
1355;OR5M8;437
1356;OR5M9;161
1357;OR5P2;148
1358;OR5P3;88
1359;OR5R1;529
1360;OR5T1;206
1361;OR5T2;767
1362;OR5T3;159
1363;OR5V1;54
1364;OR5W2;769
1365;OR6A2;406
1366;OR6B1;772
1367;OR6B2;773
1368;OR6B3;209
1369;OR6C1;776
1370;OR6C2;335
1371;OR6C3;342
1372;OR6C4;778
1373;OR6C6;349
1374;OR6C65;379
1375;OR6C68;781
1376;OR6C70;782
1377;OR6C74;363
1378;OR6C75;433
1379;OR6C76;336
1380;OR6F1;28
1381;OR6J1;961
1382;OR6K2;31
1383;OR6K3;603
1384;OR6K6;530
1385;OR6M1;146
1386;OR6N1;788
1387;OR6N2;15
1388;OR6P1;23
1389;OR6Q1;191
1390;OR6S1;789
1391;OR6T1;112
1392;OR6V1;512
1393;OR6X1;198
1394;OR6Y1;792
1395;OR7A10;80
1396;OR7A17;247
1397;OR7A5;387
1398;OR7C1;608
1399;OR7C2;795
1400;OR7D2;796
1401;OR7D4;245
1402;OR7E24;798
1403;OR7G1;242
1404;OR7G2;393
1405;OR7G3;244
1406;OR8A1;136
1407;OR8B12;513
1408;OR8B2;199
1409;OR8B3;804
1410;OR8B4;137
1411;OR8B8;420
1412;OR8D1;110
1413;OR8D2;143
1414;OR8D4;811
1415;OR8G1;313
1416;OR8G2;1246
1417;OR8G5;262
1418;OR8H1;304
1419;OR8H2;813
1420;OR8H3;426
1421;OR8I2;815
1422;OR8J1;516
1423;OR8J3;116
1424;OR8K1;354
1425;OR8K3;817
1426;OR8K5;818
1427;OR8S1;819
1428;OR8U1;208
1429;OR8U8;963
1430;OR8U9;821
1431;OR9A2;823
1432;OR9A4;64
1433;OR9G1;528
1434;OR9G4;825
1435;OR9G9;966
1436;OR9I1;144
1437;OR9K2;306
1438;OR9Q1;829
1439;OR9Q2;417
1440;OR10A2;223
1441;OR10A3;338
1442;OR10A4;834
1443;OR10A5;506
1444;OR10A6;181
1445;OR10A7;210
1446;OR10AD1;835
1447;OR10AG1;207
1448;OR10C1;49
1449;OR10D3;837
1450;OR10G2;839
1451;OR10G3;547
1452;OR10G4;534
1453;OR10G6;82
1454;OR10G7;371
1455;OR10G8;315
1456;OR10G9;843
1457;OR10H2;133
1458;OR10H3;439
1459;OR10H4;131
1460;OR10H5;345
1461;OR10J1;847
1462;OR10J3;850
1463;OR10J4;1040
1464;OR10J5;25
1465;OR10K1;12
1466;OR10K2;30
1467;OR10P1;852
1468;OR10Q1;854
1469;OR10R2;465
1470;OR10T2;21
1471;OR10V1;860
1472;OR10W1;862
1473;OR10X1;430
1474;OR10Z1;14
1475;OR11A1;47
1476;OR11G2;864
1477;OR11H1;866
1478;OR11H12;868
1479;OR11H2;870
1480;OR11H4;347
1481;OR11H6;228
1482;OR11H7;532
1483;OR11L1;857
1484;OR12D2;58
1485;OR12D3;55
1486;OR13A1;81
1487;OR13C2;502
1488;OR13C3;307
1489;OR13C4;72
1490;OR13C5;874
1491;OR13C8;73
1492;OR13C9;876
1493;OR13D1;879
1494;OR13F1;517
1495;OR13G1;468
1496;OR13H1;413
1497;OR13J1;884
1498;OR14A16;509
1499;OR14A2;885
1500;OR14C36;158
1501;OR14I1;887
1502;OR14J1;160
1503;OR14K1;890
1504;OR51A2;479
1505;OR51A4;892
1506;OR51A7;893
1507;OR51B2;459
1508;OR51B6;899
1509;OR51D1;169
1510;OR51E1;962
1511;OR51E2;168
1512;OR51F1;524
1513;OR51F2;901
1514;OR51G1;126
1515;OR51G2;903
1516;OR51I1;463
1517;OR51I2;104
1518;OR51J1;905
1519;OR51L1;447
1520;OR51M1;907
1521;OR51Q1;908
1522;OR51S1;491
1523;OR51T1;954
1524;OR51V1;474
1525;OR52A1;911
1526;OR52A4;504
1527;OR52A5;476
1528;OR52B2;912
1529;OR52B4;270
1530;OR52B6;398
1531;OR52D1;125
1532;OR52E1;914
1533;OR52E2;915
1534;OR52E4;917
1535;OR52E5;957
1536;OR52E6;163
1537;OR52E8;120
1538;OR52H1;919
1539;OR52I1;922
1540;OR52I2;118
1541;OR52J3;924
1542;OR52K1;124
1543;OR52K2;174
1544;OR52L1;959
1545;OR52M1;929
1546;OR52N1;931
1547;OR52N2;933
1548;OR52N4;935
1549;OR52N5;197
1550;OR52R1;936
1551;OR52W1;937
1552;OR52Z1;1041
1553;OR56A1;87
1554;OR56A3;939
1555;OR56A4;507
1556;OR56A5;497
1557;OR56B1;944
1558;OR56B4;947
1559;OR4F3;45
1560;OR4F29;45
1561;OR1D4;1247
1562;OR1L6;952
1563;OR2A42;1248
1564;OR2J3;482
1565;OR2T7;1249
1566;OR5M3;1250
1567;OR8G2;1251
1568;OR4Q2;1252
1569;OR5AC1;1253
1570;OR5AV1;1254
